Moyenne;Variance
196.766;4614.15
190.5;3881.27
176.219;4480.61
199.734;2638.65
190.875;2801.11
191.375;2889.59
191.688;3468.02
194.078;3251.79
197.516;2942.57
177.75;3478.77
189.469;2922.14
206.188;3003.11
200.219;3958.16
190.953;3140.97
180.125;3977.59
190.375;3028.01
201.734;3708.93
190.594;4260.58
197.266;3441.79
193.75;3150.95
196.344;3070.59
196.359;2520.59
189.344;4079.44
193.234;3873.86
194.531;2973.96
189.078;3520.71
190.422;2916.48
192.656;2968.65
202.156;3005.83
195.797;3725.94
191.062;3357.01
194.188;2811.79
193.234;2515.16
197.641;3157.55
190.516;2885.39
197.359;2965.68
190.219;3321.03
185.844;3700.34
205.375;2838.88
190.641;3934.12
201.984;3117.92
195.172;3634.18
185.156;3562.39
194.797;3123.12
202.953;2302.95
203.469;2841.79
196.484;3456.19
191.953;3808.46
190.281;3367.32
195.188;4038.4
203.531;2656.55
202.531;3111.34
195.281;4343.27
189.312;3113.29
205.031;2567.83
189.281;2824.11
204.734;2680.93
203.156;2527.64
190.969;4012.25
183.984;3626.05
195.781;3704.24
195.438;2475.02
188.141;3826.81
189.703;3257.08
191.234;3250.96
196.719;3670.32
192.641;3447.7
192.047;3088.29
186.094;2850.79
191.719;3306.6
205.234;2646.54
188.234;2954.48
181.547;3510.04
196.375;3540.3
195.734;3519.54
195.344;3285.27
181.859;3755.16
198.781;4143.87
183.516;3110
192.016;3084.81
195.969;3935.41
184.812;3274.75
191.391;4330.48
201.766;2422.6
203.422;2438.42
184.953;2377.83
185.75;3264.79
194.359;3601.23
185.188;3723.16
203.734;2519.55
185.469;3824.4
179.094;4470.89
192.469;3978.01
187.328;3374.73
195.453;2975.03
191.844;2977.07
181.078;3682.12
176.969;4628.54
197.938;3127.34
192.547;3220.4
183.844;3884.17
185.969;3047.4
190.859;3471.32
208.672;2634.12
184.953;4105.63
197.266;3176.67
187.078;4241.64
193.078;3543.91
191.812;2888.6
191.859;4022.8
205.641;2705.99
179.141;3036.79
190.516;3465
193.969;3218.62
199.156;3515.38
199.953;2852.29
183.281;3617.35
187.641;3032.76
200.797;2827.26
190.328;3792.72
186.844;3221.89
178.953;3873.06
195.062;2317.73
198.391;2972.78
193.844;3079.16
203.641;3394.86
187.141;4037.98
184.484;3539.62
194.344;2936.03
201.375;2694.62
176.406;3736.57
191.797;3034.24
197.141;2463.46
180.391;3864.52
190.219;4734.79
191.594;3156.64
189.094;3753.53
194.922;3430.1
201.047;3596.68
190.516;2776.77
203.531;2199.92
175.109;3577.81
197.328;3391.55
185.422;2687.54
195.531;3429.45
179.406;3917.09
189.5;3091.48
203.406;3263.82
196.906;2643.51
189.734;3969.84
169.172;3448.27
188.953;3734.21
206.703;2115.58
194.125;2574.36
191.438;3255.78
198.281;3392.23
189.672;3508.74
200.594;2902.48
182.469;3353.09
192.953;3164.82
188.938;3290.52
197.688;2799.08
184;3836.72
192.688;3131.82
195.438;3178.02
180.141;4016.63
192.109;2423.22
191.109;3029.8
202.344;3083.02
198.562;2724.46
192.734;2794.21
187.219;3320.75
195.422;4320.8
197.5;3204.84
185.984;3576.54
193.25;2557.31
184.469;3255.83
201.656;2455.75
198.188;3696.53
194.172;2858.34
183.828;2758.31
190.281;3771.8
184.906;3526.5
180.078;3032.94
191.703;3383.27
188.688;3986.46
207.734;2747.51
190.047;2803.82
178.797;4445.75
200.141;2613.1
189.438;2755.19
194.891;3584.5
197.141;2953.62
190.141;3958.34
194.812;3015.53
192.828;3382.01
190.828;3787.45
202.516;2585.99
193.844;3551.21
191.891;3782.34
199.125;2216.08
189.406;3675.9
200;3334.28
196.094;3186.63
174.328;4022.49
200.484;2621.69
203.312;2408.94
191.938;3294.33
175.219;3662.46
186.078;3237.06
198.141;2876.55
185.281;3186.34
183.406;3829.17
193.656;3155.58
194.688;3628.05
183.094;3574.02
194.172;2851.07
193.266;3148.56
182.969;3655.69
188.5;2607.52
187.266;3416.25
191.656;3210.11
205.344;2864.77
184.312;3608.74
197.188;2774.36
190.312;3616.73
202.797;3494.84
201.844;2885.19
197.375;2640.67
187.562;3238.48
189.172;3579.2
196.781;3599.4
200.562;2576.3
203.25;2537.21
194.422;3586.65
197.797;2678.46
194.062;3419.5
181.031;3466.66
188.953;3056.09
190.094;2841.1
185.641;3133.84
177.625;4543.44
198.781;3058.45
205.672;2435.41
192.391;4309.18
193.047;3046.35
191.781;2768.21
198.734;3002.84
189.641;3061.36
193.922;3997.81
180.625;3676.46
203.016;3067.36
196.672;3376.47
202.422;3111.56
192.969;2475.17
199.75;2736.15
202.109;3232.36
204.328;2846.17
179.062;3891.17
197.016;3041.91
193.406;3570.72
192.266;2619.77
203.703;2891.99
187;3509.87
202.609;2853.83
188.031;3459.39
198.75;2920.4
194.359;2780.75
186.609;3599.97
188.797;3020.61
190.297;3897.14
185.672;3619.45
194.547;3008.15
196.594;2577.36
192.781;3204.83
196.219;3124.89
186.578;3631.66
191.812;3725.93
182.531;3385.33
199.078;2740.41
203.109;2836.9
196.719;3140.85
184.75;2849.38
192.75;2644.09
193.625;2479.03
190.047;3015.52
188.188;2817.54
187.391;3463.44
205.938;2948.34
191.188;3883.11
186.594;3342.29
200.25;2629.53
192.281;2853.25
179.5;3431.07
171.25;3925.6
200.031;2635.1
180.031;3967.7
186.719;3465.57
199.844;3505.68
193.844;2858.41
195.969;3262.89
195.172;2191.78
180.891;3669.27
187.828;3509.59
207.625;2691.22
197.875;2952.26
197.172;3029.13
202.375;2367.59
201.078;3272
191.719;2912.14
190.562;3472.16
192.141;3672.35
197.75;2616.86
184;3647.09
203.922;2810.5
200.281;2352.37
192.547;3477.56
188.438;3354.69
197.531;3539.09
189.922;2702.34
190.141;3823.18
195.594;3565.44
195.625;2461.53
194.922;3672.35
200.656;2952.9
197.281;2870.51
192.625;3057.01
189;3489.13
188.516;2903.92
200.219;2537.7
192.328;3036.38
186.922;4726.17
182.875;3639.32
194.031;3313.54
199.953;3244.51
186.312;3472.35
196.281;3259.86
200.75;2887.71
195;3027.17
192.281;3533.59
182.938;4078.59
185.375;4073.74
195.234;3438.5
190.219;4077.77
185.984;3399.5
195.516;3383.99
191.859;3064.12
187.5;3117.59
183.672;4195.46
194.375;4237.02
185.891;4690.97
195.797;2341.89
203.328;3107.14
196.109;2953.93
194.422;3579.23
185.047;4115.33
185.906;3708.52
208.578;2444.1
184.422;3323.33
193.484;3746.97
180.828;3629.87
181.156;4683.15
196.703;2617.85
189.062;2682.15
189.469;3278.22
182.547;2810.38
196.156;3128.52
199.578;2596.19
186.641;2598.71
185.422;4541.43
183.891;4738.5
188.266;3814.97
182.125;3250.06
179.812;3343.77
207.016;2403.57
190.609;2695.79
201.672;2894.19
196.172;2617.67
189.125;3862.93
184.078;4440.66
190.391;4344.95
183.953;3367.39
198.109;3006.31
179.031;4671.78
201.281;2205.12
201;3105.83
188.391;3745.79
191.203;3432.16
182.375;3840.24
189.141;2686.51
193.062;2864.26
191.516;3272.35
184.953;3924.02
188.516;3346.73
203.297;2165.49
184.688;3332.08
193.109;3734.64
194.641;4294.94
185.828;3540.98
183.891;4134.11
196.594;3168.6
183.5;3505.69
203.688;3125.74
188.984;4504.96
201.719;2737.81
183.297;4609.96
188.781;4270.93
197.766;3282.96
185.109;3646.11
204.469;2296.92
198.25;2162.17
191.219;3067.29
196.984;2428.29
195.203;2960.99
186.578;3021.63
192.438;2635.58
194.109;3014.95
194.766;3961.24
198.828;2973.34
199.109;2327.71
199.016;2763.69
195.016;3136.61
204.172;2694.92
194.312;3317.06
188.359;3782.95
203.641;2496.92
197.328;3514.52
180.281;4075.77
186.391;3183.19
187.031;3524.97
189.172;4151.11
194.391;3689.69
173.922;4255.31
202.031;2633.1
176.672;3632.46
190.219;2774.12
191.891;2663.15
197.312;3587.22
183.391;2856.52
183.328;3555.95
209.312;1720.63
195.188;3172.96
194.266;2897.96
182.594;3114.43
178.281;4494.47
186.469;3272.26
185.234;3774.06
196.953;2702.21
183.969;4244.8
194.859;2608.77
191.484;2970.14
180.906;3146.37
190.797;3401.47
176.703;3926.55
196.766;2980.76
191.031;3563.63
186.922;3429.88
181.391;3684.37
192.469;2982.13
191.531;3508.76
204.562;2245.91
189.766;2472.78
194.922;3845.32
201.156;2664.76
195.422;2247.43
190.828;2884.1
193.281;3303.7
192.797;2875.97
192.875;3166.68
190;2547.44
193.156;3136.47
189.641;3626.91
196.828;2796.13
202.266;2604.42
199.812;3264.07
171;4854.86
200.594;2136.04
191.953;3368.81
200;2436.52
198.047;2705.13
185.391;4215.69
187.344;3449.88
187.859;3253.14
188.797;3935.23
195.359;2961.87
205.828;2436.94
194.281;3837.59
186.094;3318.43
207.531;2760.61
198.219;2687.2
206.797;3143.17
187.875;3304.51
196.578;4035.75
192.781;3166.58
196.969;3428.87
194.422;2841.15
174.312;3957.82
193.375;3416.65
193.016;2444.18
178.141;3882.09
202.188;2183.43
193.781;2643.21
192.906;3070.58
192.25;3292.74
185.547;4104.55
207.578;2432.54
190;2700.39
185.812;3401.84
189.547;3175.8
196.594;2623.99
180.438;3793.93
185.672;3276.73
189.031;3608.46
185.141;3420.76
193.516;2475.38
201.078;3095.81
187.516;4091.74
195.078;2772.26
194.844;2630.42
195.656;2359.66
186.859;4168.18
187.984;4298.91
197.047;3140.69
201.797;4313.86
175.125;3187.66
187.672;3177.23
196.359;3344.29
192.766;3729.27
186.156;4077.52
186.547;3584.91
195.812;3545.95
183.453;3819.68
184.891;3568.7
183.375;3375.87
190.375;3602.55
191.969;3310.33
195.391;3047.52
182.156;3948.89
199.188;2894.74
192.359;2455.04
176.641;2696.63
185.516;2977.12
187.594;4135.56
192.984;3464.71
195.453;3217.56
196.969;3485.39
187.172;3125.69
191.562;3202.5
190.969;2750.77
197.375;2873.01
191.609;2348.73
202.531;2549.25
190.609;3214.42
192.266;3407.86
187.969;3169.33
197.188;2506.65
187.094;2769.18
196.281;3234.13
188.266;4008.36
201.203;2527.66
201.75;2421.07
191.359;3272.19
184.656;2609.06
190.141;3144.62
183.516;4346.52
190.453;3079.63
190.141;4015.74
182.359;3636.36
197.766;3259.2
199.562;3261.16
194.469;2704.02
195.594;3830.69
206.234;2151.11
183.078;3611.55
194.484;3646.75
190;2335.22
189.984;2735.24
182.172;3538.67
198.156;3861.03
195.422;2508.84
185.734;2728.34
204.891;2824.55
203.453;2417.09
192.406;3694.29
187.125;3064.5
196.75;3386.8
198.828;3296.79
187.672;3206.62
190.641;3363.74
189.375;3722.36
184.891;3430.01
191.141;3432.41
182.406;3475.49
190.141;4402.65
190.719;3155.87
179.203;4203.11
187.578;3534.17
187.641;4022.65
187.906;4196.48
193.047;2790.5
198.203;3053.54
182.453;3211.55
203.031;2581.9
201.734;3481.78
196.578;3025.01
184.859;3342.39
186.094;3974.38
191.406;3694.85
191.781;3437.87
188.828;3212.36
188.5;3698.83
187.5;3345.95
195.141;3129.93
194.203;3580.04
185.531;2937.36
188.766;3300.97
187.391;4045.97
187.609;3774.34
181.078;3654.02
205.281;2700.14
184.844;4181.95
187.359;3728.23
196.125;3653.99
194.047;3585.25
190.219;3070.1
185.484;4084.67
198.328;3159.6
181.969;3492.66
181.797;3623.32
202.109;3646.69
171.156;4104.59
187.672;3852.9
193.953;3196.98
187.141;3420.52
186.859;3800.92
196.125;4076.92
189.594;3050.89
195.094;3279.31
175.922;3769.4
193.844;3534.28
189.844;2930.14
205.203;2368.45
186.547;3173.85
192.391;3599.35
181.125;4162.8
192.047;3762.69
181.734;3659.35
198.672;2739.36
193.438;4186.59
200.312;3187.18
199.156;2441.45
186.516;2941.42
186.422;2404.02
194.297;2537.99
191.812;2773.55
198.656;2979.24
206.312;2863.44
192.109;2537.04
185.172;3585.27
190.422;3112.05
197.141;3351.04
197.359;3342.95
166.797;4653.42
212.125;2080.07
196.094;3001.64
196.609;2918.59
188.312;2962.64
190.062;3656.55
189.422;3078.35
189.984;3011.55
195.734;2856.98
198.297;3031.72
196.719;3010.77
190.406;3482.67
196.938;3641.5
196.406;3317.79
194.188;2775.33
194.047;2936.57
194.125;3609.04
195.156;3061.9
196.203;3158.67
193.125;2779.49
183.734;2894.73
185.688;3008.07
187.844;3590.14
185.766;2929.11
191.609;2982.29
195;4630.23
184.422;3286.89
195.062;3322.01
181.734;2982.8
194.953;3140.63
191.641;3363.74
190.422;4001.07
185.344;3406.21
190.922;3736.43
190.172;3311.1
180.25;3016.53
198.844;3443.06
182.812;3474.08
182.25;4031.91
178.516;3850.25
186.391;3642.44
180.266;4425.73
189.328;3705.27
191.469;2817.64
192.438;3294.69
198.578;2837.88
198.266;3920.01
206.641;2779.85
186.703;4086.43
203.938;3026.8
192.641;3255.17
192.156;3054.34
199.703;3623.74
204.219;2289.41
176.016;3520.58
185.688;3174.13
189.234;3752.47
183.234;3658.41
196.297;2699.39
186.609;3586.84
201.844;2685.13
183.281;3759.59
192.297;3069
194.781;3246.13
195.031;3202
201.5;2517.3
196.266;3659.71
200.156;3306.73
190.516;3157.69
184.031;3919.84
199.297;2962.97
196.547;2830.55
194.688;2928.64
194.953;4596.09
189.016;3767.35
203.047;3324.64
180.109;3963.98
201.141;2747.55
205.719;2618.61
183.297;3273.21
189.578;3234.46
187.781;2925.45
184.703;3641.41
191.672;4116.66
184.891;3736.74
190.312;4627.79
194.188;3223.58
189.125;3363.41
187.297;2936.08
195.594;2917.74
196.969;3213.77
190.719;2428.2
182.469;3565.65
187.969;3581.3
196.625;3015.4
197.984;2907.88
186.484;4300.98
196.938;3302.49
193.891;3329.98
181.641;3024.33
190.547;2770.35
189.062;3241.65
188.281;3682.96
183.984;3878.22
196.156;2249.31
198.859;3231.25
185.891;3804.15
195.719;3661.51
199.156;3099.05
189.609;4436.23
198.578;3615.46
192;3200.28
188.516;3999.34
186.359;3634.79
187.734;3088.5
198.562;3846.42
186.672;3956.1
187.344;3827.44
189.641;2653.21
208.859;2328.52
180.812;3629.34
190.375;4078.8
205.422;2327.97
203.844;2733.31
204.094;3184.55
204.234;3541.62
189.609;2884.65
192.672;3316.08
186;4407.27
184.984;3166.35
188.719;3520.94
186.984;4305.55
194.828;3348.17
190.078;3556.9
192.281;2942.28
200.641;2507.25
194.5;3209.77
186.656;3286.51
178.609;3951.2
190.938;2982.36
187.125;3672.05
191.672;3850.42
178.188;3710.61
190.75;3375.5
186.172;3666.8
181.172;4240
197.984;3429.79
194.016;2996.01
181.828;3515.7
177.734;3677.11
179.547;4012.59
189.812;2959.88
193.172;3165.16
178.062;3593.98
201.703;3320.62
189.562;3670.83
188.141;2330.9
187.406;3917.21
193.281;3134.8
193.734;3154.02
174.453;3989.33
186.609;3537.44
191.703;3024.3
184.312;3579.08
187.062;2622.46
197.391;2374.66
188.25;3209.31
179.297;3479.03
196.047;3242.89
187.688;3384.36
192.422;3441.75
183.625;3841.95
195.047;2965.31
190.781;2986.92
199.266;2853.61
188.891;3414.38
183.328;3312.77
190.531;3638.33
193.438;3450.89
196.891;2944.72
188.766;4156.77
197.594;3943.43
200.891;3093.77
186.625;4843.09
195.016;3405.72
189.156;3854.57
179.266;3127.76
186.297;4133.76
184.734;3467.72
182.047;4772.17
207.125;2270.18
188.828;3458.37
193.766;2542.19
194.75;3462.16
190.984;3271.13
182.594;3719.82
168.016;3327.89
191.734;3211.4
184.609;3289.06
188.203;3333.51
191.156;2985.05
184.172;2846.86
197.594;3086.48
176;3961.12
199.641;2936.85
187.469;4255.03
183.422;3195.28
195.859;2980.46
204.328;2668.33
185.141;4096.03
184.188;2769.77
195.156;2737.43
199.25;2926.5
192.312;3247.18
188.078;4088.44
192.922;3122.4
204.219;2367.58
181.562;3069.86
190.344;3402.07
190.344;3016.04
203.547;2949.14
194.766;3188.39
190.797;3398.9
192.219;2882.92
190.656;3336.09
181.656;2872.48
168.578;3480.22
198.984;2934.11
196.297;3078.37
186.938;3890.95
180.531;4106.36
186.969;3551.94
183.297;3352.08
187.844;2484.07
188.484;4121.81
193.531;3345.2
187.438;2896.21
201.781;2779.95
182.219;4055.41
177.984;3575.4
193.781;2756.45
179.953;3814.78
194.422;3669.31
193.969;2569.45
181.781;3162.1
189.297;2703.36
205.656;2425.43
199.047;3028.64
182.75;4383.63
202.156;2361.37
205.344;3666.89
193.562;2563.03
183.141;4135.12
190.297;3640.77
181.234;3715.88
183.281;3492.97
192.984;3173.68
186.109;2894.47
187.641;4427.73
188.25;3343.2
186.25;3401
191.594;3045.28
202.422;2424.71
192.125;2290.19
198.766;2679.2
194.781;2477.88
192.219;3637.82
190.156;3356
184.891;3256.35
205.656;2374.65
193.953;3395.99
202.859;2299.58
181.797;3910.09
190.5;2637.37
196.609;2612.07
182.406;2964.4
194.531;2848.23
188.984;2756.88
195.281;2851.55
196.375;3650.52
196.094;3565.81
188.125;2274.74
198.172;2451.3
198.094;3196.49
185.234;3269.27
192.484;4049.16
195.109;3681.23
192.094;3086.99
187.484;3979.73
196;3410.54
179.906;3550.41
195.344;3772.68
185.797;3116.05
196.281;4197.67
198.828;3037.03
198.438;4244.84
198.828;3257.11
179.484;3236.53
193.031;2490.52
208.375;2329.23
189.688;3449.95
178.219;4699.13
181.969;3025.6
190.359;2655.28
196.109;3019.45
187.172;3001.69
194.062;3281.61
166.516;4052.09
192.531;3438.86
186.5;3327.98
191.438;3632.76
183.188;3819.18
195.328;3139.42
191.812;4109.13
187.984;3931.78
178.188;4710.21
189.266;3111.41
188.859;3756.15
199.453;3702.06
192.875;2981
191.766;3012.8
193.469;2953.31
201.578;2571.6
189.453;3503.17
197.609;2826.04
176.391;3697.83
188.25;3204.09
184.234;3150.47
187.297;3484.44
194.266;4102.3
180.219;4670.62
191.781;4434.6
180.328;4707.76
194.781;3734.9
185.969;2543.38
192.578;3531.95
179.375;4052.71
189.344;2814.62
185.797;2963.48
175.766;3446.49
190.234;3921.43
198.203;2677.01
194.734;2950.37
193.719;3002.97
186.875;2971.94
193.094;4029.39
186.016;3902.32
184.547;3738.38
202.078;2193.98
192.891;3471.78
180.359;3293.56
179.781;3925.66
195.109;2886.35
181.156;3531.25
196.594;3090.9
187;2917.57
181.828;3796.39
172.766;3190.73
197.141;3006.48
196.797;2649.16
186.984;3747.21
198.297;2970.61
194.344;2808.52
196.688;3174.07
186.375;3788.37
192.25;3601.37
193.125;3953.75
191.719;3227.03
185.812;3183.95
195.781;3504.36
203.703;3233.61
192.469;3147.64
193.75;2599.99
191.203;2649.18
195.516;2626.84
195.328;3551
189.344;3190.02
206.078;2389.15
187.422;3615.38
191.641;3738.8
194.906;3785.81
192.219;3255.54
192.406;3279.76
186.016;3569.92
182.062;3683.36
176.922;3695.87
191.688;3252.82
191.234;3567.31
187.766;3597.57
193.453;2495.23
199.562;3088.49
193.078;3121.89
187.906;3565.54
201.203;3051.2
193.656;2309.42
200.156;2361.49
189.438;4181.73
201.125;2887.44
188.812;2927.99
197.203;2542.26
183.25;3186.29
189.484;2884.19
189.391;2477.8
194.609;2639.38
193.578;3364.81
193.484;3217.44
188.656;3683.01
193.266;3283.48
193.203;3816.41
200.719;2997.07
195.906;3675.75
186.312;4740.44
195.594;2822.25
193.562;3718.7
188.734;3604.94
203.312;3816.01
187.172;3616.02
188.938;4145.36
196.672;3512.82
199.344;2858.97
201.422;3043.41
200;4289.64
191.016;2841.79
186.719;3926.65
191.578;2750.26
197.203;3229.63
195.562;3335.96
188.297;3060.05
189.844;2326.64
194.047;3529.1
191.812;3492.58
183.734;2906.4
190.234;3112.51
209.078;3068.75
186.828;3081.55
177.984;3042.45
192.719;4026.43
188.734;2698.27
197.609;3382.4
190.062;3406.22
190.641;2864.94
190.844;3646.75
202.984;2375.42
187.281;3602.35
184.797;3946.11
190.25;2681.11
185.109;4484.21
192.875;3125.26
202.844;2391.2
187.297;3471.44
168.875;3517.66
192.594;2623.99
185.578;3126.79
194.266;3875.26
185.25;2696.59
185.219;2819.07
191.703;2642.77
189.375;2668.98
188.656;4229.48
193.906;2879.86
190.234;3275.23
193.906;3492.49
198.906;3065.84
192.375;3579.79
187.562;3183.93
187.922;3355.34
194.734;3245.11
186.344;4102.69
183.938;4932.36
178.812;4732.99
197.375;3248.86
190.109;3169.92
192.172;4497.86
184.328;3692.19
196.562;3607.9
185.734;3807.63
188.875;4335.95
203.562;2657.65
189.438;3146.12
196.328;2483.81
184.469;3260.63
190.266;3637.26
175.484;4915.8
181.031;3009.11
191.125;2823.81
188.172;3714.62
188.188;3756.13
190.859;3338.44
204.297;3245.08
200.797;2329.86
193.391;3611.03
188.562;3127.09
184.781;2851.21
183.938;3827.73
183.25;5086.28
200.75;3353.75
198.391;3196.97
181.25;3903.38
194.75;3211.8
187.078;3599.75
196.094;3242.65
193.047;3345.58
206.688;3111.58
199.828;3149.34
180.172;2982.48
187.406;2932.16
197.984;3235.03
192.406;3999.56
194.031;2718.91
204.922;2713.87
196.844;3037.43
184.547;3125.04
194.547;3255.13
195.828;4012.42
187.031;3737.94
199.312;2913.77
178.016;3866.81
192.672;3343.86
197.812;2811.68
191.766;3939.57
195.844;2523.65
186.641;2875.15
192.438;3233.41
185.844;2934.73
186.703;3349.81
182.781;4581.03
185.938;3203.92
192.047;3355.66
187.359;4022.2
194.828;3880.72
186.594;3917.84
186.812;4196.34
186.344;2909.69
192.719;2974.3
180.562;3734.54
181.625;4876.66
192.5;2758.11
179.344;3815.66
193;3585.23
182.594;3418.23
184.047;3838.56
180.156;3740.81
192.844;3046.27
195.656;3449.38
189.516;3145.67
196.438;2558.53
186.141;4108.77
205.922;2585.36
187.469;4320.24
204.969;2373.59
193.922;2726.83
180.844;3115.83
204.359;3095.79
183.828;4072.84
194.344;3226.53
185.203;3707.92
183.25;3419.21
199.578;2777.06
192.609;2482.61
204.875;2586.98
192.953;3247.17
182.406;3713.5
192.547;3052.5
196.328;4398.42
195.969;2241.18
193.094;3004.8
196.656;3966.91
201.188;3581.41
200.438;2810.24
192.047;3649.41
191.047;4338.8
197.516;2620.33
178.078;3049.98
189.531;3410.82
200.031;3089.44
185.141;3399.1
190.438;2653.76
195.703;2790.34
190.5;3465.59
195.094;3334.94
195.016;2399.17
193.531;2951.41
195.703;3098.55
185.594;3602.51
188.984;2957.33
181.844;3303.65
195.516;2520.95
203.562;4112.65
183.281;3430.34
179.562;3889.27
208.375;2906.8
208.969;2511.6
190.641;3008.23
200.188;3302.09
202.391;3118.31
189.266;3012.65
191.531;3396.96
193.906;3245.47
189.047;3574.2
188.328;2447.75
192.406;3167.35
195.625;2572.77
199.875;2690.69
185.766;3957.81
200.562;2950.5
194.75;2927.28
194.578;2945.54
182.141;4136.97
191.875;4005.05
194.609;2624.67
194.969;2981.09
202.875;2027.75
195.547;3656.12
194.391;3978.02
186.484;3966.44
192.844;3142.43
200.719;2416.15
194.781;3217.64
194.5;2678.98
193.641;2872.47
201.797;2769.28
184.438;5082.08
181.828;3503.73
186.031;3683.58
176.281;3881.88
187.234;2837.26
182.625;3090.64
186.531;3838.14
177.359;3367.09
189.594;4765.91
182.562;2663.93
187.469;2632.92
189;3781.63
180.203;3509.78
184.453;3934.03
185.438;3022.28
193.641;3922.33
190.844;3943.54
185.891;3925.87
193.938;3185.11
182.547;3917.03
196.641;3104.47
184.422;3512.13
199.5;2658.13
194.547;2923.36
188.422;3122.78
188.094;3595.81
201.156;3276.58
179.156;2814.24
192.672;3344.74
197.828;2609.84
190.125;2725.92
193.688;2800.63
190.984;4069.58
200.688;2792.91
188.672;3580.91
188.781;4134.98
191.719;3295.55
194.375;2999.47
193.125;3012.8
191.891;3100.37
189.781;4410.59
192;3993.34
185.094;4651.73
192.125;4077.95
194.516;3361.08
187.891;3097.8
186.156;3079.43
193;3084.44
196.703;3101.39
189.062;2822.11
178.297;5062.31
200.422;3104.92
192.141;3371.76
189.703;3110.08
182.031;2971.46
184.141;3504.46
185.453;3600.2
187.188;3063.71
182.375;3838.87
196.094;3253.5
192.953;2901.28
190.078;3170.76
180.016;3238.06
189.359;3407.35
207.484;2030.15
197.016;2567.8
186.156;3829.46
184.734;3593.36
191.266;2917.93
196.75;3293.08
200.125;2778.38
197.562;2492.51
182.016;4149.52
190.516;3439.83
191.25;3097.87
195.172;3949.48
181.188;3598.34
185.578;4034.25
183.609;4139.61
199.062;2854.31
181.906;3640.6
188.781;2971.74
185.359;3174.23
183.859;3358.38
193.203;3432.04
195.688;3394.92
202.609;3404.57
189.625;3913.14
186.281;3691.84
193.891;2855.49
189.969;3436.5
208.828;2643.2
191.688;3649.48
205.188;2648.15
191.797;2903.88
187.859;3243.68
189.781;3250.42
191.516;2998.01
189.078;3303.5
200.203;3102.22
186.984;3501.7
187.969;3106.38
192.234;3360.47
192.5;3294.71
201.891;2601.95
193.922;3554.26
191.219;4101.32
184.938;3351.06
192.75;2860.97
202.109;2523.61
187.984;3176.07
189.766;2646.02
190.547;3259.39
194.188;3281.35
206.781;2131.05
191.359;3591.81
187;2985.62
202.297;2488.75
195.922;2636.94
182.922;3818.44
206.422;2641.11
173.922;3593.71
192.25;3033.65
202.656;3760.13
199.984;3079.67
203.953;3116.23
188.75;3557.94
208.375;2500.05
179.344;3776.07
201.25;3311.43
191.828;2999.41
184.328;3565.1
184.734;3500.5
194.75;3236.04
188.188;3823.55
189.031;3892.4
189.531;3667.94
194.312;3417.61
193.062;3608.21
203.031;3210.89
182.328;3278.33
192.391;2949.33
195.562;3183.54
190.484;3041.58
177.641;3643.78
184.531;3802.69
184.312;2334.58
190.469;3465.53
192.625;4160.74
197.453;3114.26
189.891;3496.96
194.531;2863.06
183.172;2956.19
194.672;2853.24
194.672;4102.08
185.125;3316.02
182.938;2783.01
195.734;2762.44
186.828;4135.55
185.422;3770.49
181.125;3932.72
183.531;4177.92
190.562;3414.69
186.766;3549.56
199.016;3458.2
186.359;3498.49
204.625;2563.83
176.828;4427.51
190.438;2621.23
190.188;2952.59
202.453;2927.31
195.531;3163.48
198.5;3161.01
184.562;3761.28
190.047;2860.99
190.172;3145.91
193.266;4501.59
188.203;3277.81
194.953;4482.68
196.047;2687.45
195.922;2989.21
200.219;2923.91
196.594;3102.94
191.203;3303.16
193.172;2917.15
184.391;4501.34
201;2586.72
199.875;3224.6
183.859;4908.32
183.953;2900.88
189.672;3461.79
195.156;2930.67
199.328;3599.66
183.219;2477.6
192.297;3330.24
185.984;3806.72
191.766;3248.77
180.625;3833.3
199.719;3441.59
203.016;3368.9
186.906;3043.91
188.266;3422.07
196.562;2734.73
201.594;2546
186.688;3728.98
200.812;2919
183.578;3105.18
191.453;3442.75
189.578;3367.43
186.734;3086.38
191.109;3756.3
197.906;2945.01
195.031;3271.57
192.906;3355.06
195.234;2907.41
181.562;4215.92
201.391;3582.62
192.469;3072.9
179.094;4343.88
193.406;3654.31
192.188;3049.3
198.109;3055.64
185.688;2557.29
190.531;2970.24
202.391;2055.07
201.188;2629.98
202.312;2881.71
191.453;2814.31
185.109;3842.17
193.25;3728.38
188.562;3729.46
194.922;2504.26
203.578;2355.3
195.719;3557.46
205.391;2932.93
178.688;3564.96
208.828;2487.02
173.516;2969.89
195.234;3135.67
190.094;3083.51
195.703;3761.76
195.188;3671.39
189.547;3909.96
197.766;3371.86
181.703;5121.1
199.219;2936.38
189.688;3813.21
190.359;2400.03
189.656;3883.34
187.703;4564.07
184.312;4504.85
203.922;2745.55
189.969;3668.31
194.062;2903.72
189.203;3720.06
198.406;2523.39
191;2828.66
193.109;2181.86
198.312;3296.88
172.062;4407.98
191.75;3389.56
195.391;3458.9
197.703;3507.91
186.406;3110.56
195.219;3809.52
191.562;2604.69
194.469;2919.63
197.188;4400.75
193.5;3166.68
183.547;3278.83
194.641;2924.37
194.969;2621.62
192.562;2759.51
196.375;3151.88
197.797;2195.43
184.5;2944.21
197.172;3072.34
192.656;2858.43
186.656;3056.62
195.594;4734.38
193.844;3254.58
193.859;3707.69
194.453;3259.48
192.344;4192.63
200.703;2558.89
206.766;3316.83
181.922;4080.12
193.781;4300.21
190.453;3639.02
198.359;3514.95
178.109;3672.69
196.688;3504.83
190.906;3274.73
188.812;4301.4
193.641;3291.02
186.984;3475.94
196.797;3732.32
188.891;3146.36
193.031;3606.45
211.125;2861.45
196.828;3217.79
188.641;3858.64
188.906;2881.87
196.062;2401.39
190.25;3625.99
180.016;3014.65
191.078;4085.42
207.641;3121.72
188.062;4466.79
204.25;3078.81
201.828;2807.94
185.578;3610.09
183.047;3685
187.609;3280.26
195.922;3578.27
182.422;3414.35
201.047;2971.83
189.625;3690.97
185.625;3540.13
181.562;3621.78
189.359;3244.61
197.547;3944.96
194.656;3002.43
184.953;3349.73
203.094;3557.8
191.656;3735.02
194.5;3138.11
204.141;2693.71
181.641;4687.82
194.234;2947.23
187.172;3722.8
191.688;3850.52
172.891;4169
194.469;3300.74
174.969;4459.38
196.984;3325.62
196.609;3984.46
191.578;2998.6
206.641;3158.97
196.547;3606.2
187.516;3976.57
188.281;3698.53
183.797;3152.01
186.562;4512.95
193.875;3179.62
188.359;4145.12
186.344;3997.36
198.594;3196.46
194.625;2668.66
178.844;3713.16
201.172;3070.73
183.641;4259.96
185.578;3756.44
195.109;3719.66
192.094;3424.68
192.75;3559.34
187.484;3315.89
189.188;3670.15
175.781;3970.3
191.297;3883.11
188.812;3077.32
187.359;3294.6
191.5;3425.72
195.984;2792.71
187.188;3872.2
190.016;3491.57
185.031;3943.8
193.453;3698.88
187.562;3378.99
194.141;2456.08
183.125;3713.26
187.703;4233.57
201.922;2735.75
188.641;2845.25
202.047;2488.92
188.219;2937.78
184.859;4749.1
204.688;3109.16
199.109;2998.82
175.078;3354.4
180.75;3337.75
190.078;3608.2
193.906;2964.91
194.016;3593.93
192.281;3126.49
201.469;3285.47
200.734;2594.22
207.453;2712.06
185.891;3052.8
192.859;3091.09
195.031;3654.52
184.25;2885.09
194.797;3869.13
185.125;3083.05
193.547;2687.79
195.531;3568.82
196.078;2373.9
198.047;3355.25
192.625;2969.37
180.062;3402.14
190.219;3362.94
191.406;2988.64
188.906;4018.35
191.094;3557.01
179.766;4473.75
186.469;3952.03
192.969;2933.87
193.812;3473.01
192.641;3265.36
199.953;2920.89
196.031;3189.03
177.484;2969.95
170.516;3734.89
188.406;4254.54
195.594;2601.56
195.094;3108.65
203.094;3169.87
192.547;3188.92
192;2889.54
202.266;2505.65
191.484;2642.69
198.578;3030.83
192.906;2640.7
202.781;2104.95
206.25;3164.3
180.969;3748.67
176.344;3554.81
190.703;3915.56
202.656;3245.81
189.344;3319.75
182.156;4197.37
188.906;3492.97
186.75;4192.24
176.125;4536.05
185.516;4259.4
179;3279.96
191.016;3354.05
202.625;2600.87
190.156;3604.56
204.828;2988.72
183.781;3664.03
190.672;2983.43
185.781;3458.8
191.094;3245.91
193.016;3400.27
188.297;3482.06
188.016;3547.76
198.25;2734.89
186.047;3810.85
193.969;3309.47
194.109;4015.42
191.234;3295.92
202;3085.17
188.609;3465.21
193.5;2578.91
192.609;4157.18
184.359;3710.92
185.5;3091.92
182.828;3508.62
201.047;2600.88
188.078;3920.06
179.359;2922.2
179.75;3404.77
201.234;2772.64
192.812;3317.28
181.984;3274.45
203.031;2610.55
184.156;4675.16
188.25;3427.22
189.438;3043.82
196.969;2960.54
182.328;3233.79
191.141;3829.45
203.984;2739.72
186.297;3583.57
185.094;3412.56
179.359;3674.97
198.125;2966.19
202.219;3447
198.359;2815.33
196.938;3106.59
189.703;2743.14
185.719;3626.57
190.766;3457.49
173.391;3689.28
191.547;3793.92
190.719;3073.38
174.422;5059.76
188.828;3679.44
191.656;2910.86
192.531;3095.12
181.516;3957.35
193.5;3829.13
192.953;2822.06
197.219;3556.75
195.922;3343.13
194.094;3003.09
196.812;3561.19
194.484;3640.02
196.672;2851.05
186.297;2799.97
196.109;3269.97
199.922;3426.8
194.203;3599.45
191.391;3298.65
182.266;4279.41
193.688;2516.72
189.375;3343.07
190.297;3268.42
192.312;3797.11
180.672;3588.81
189.078;3937.93
178.828;3843.76
184.469;3177.77
196.734;2992.54
195.141;2874.35
179.625;3556.5
194.844;2694.24
189.594;3485.2
186.328;2498.75
189.078;3454.09
194.641;3109.92
187.328;3355.27
184.734;4892.63
198.656;2840.59
190.984;3717.87
194.172;2972.14
188.766;4017.61
193.328;3510.25
193.406;2987.68
183.406;4366.02
176.984;3799.41
193.797;3205.49
199.203;3673.74
196.297;3617
192.047;3333.14
199.531;3565.57
204.688;2661.42
207.266;2731.17
192.094;3287.85
193.25;2838.89
189.875;4289.11
189.922;3576.47
185.562;3899.24
192.828;2983.31
183.703;3737.31
186.641;3844.6
185.344;3479.89
177.156;4443.78
189.688;3934.75
196.906;2919.02
205.969;2038.46
187.797;2697.16
190.469;3617.03
193.516;3471.98
198.625;3719.95
194.25;3466.86
199.938;2863.18
183.656;4075.2
188.156;4214.41
199.703;3387.71
195.609;3685.98
204.203;3034.35
193.734;3361.89
209.406;2118.75
207.812;2338.29
185.438;3374.22
187.891;3343.18
187.469;3091.61
189.656;2889.62
185.078;2704.8
197.656;2952.56
188.172;3561.17
206.484;2599.67
189.453;3614.44
186.859;2908.29
192.234;3584.98
195.766;2271.09
180.141;4122.39
184.125;3739.29
197.109;2776.66
187.219;3508.88
194.375;3146.32
195.5;3320.7
196.594;3094.16
194.406;3834.37
194.984;3166.15
186.266;3540.17
191.625;3237.35
180.609;2952.96
193.266;2958.66
199.656;2576.11
177.516;3909.94
191.656;4094.74
189.125;3194.19
195.391;2805.8
190.672;4196.51
193.656;4880.84
206;2979.82
184.328;3545.3
186.234;3728.33
187.484;4383.5
192.125;3599.02
196.469;3705.95
196.688;3435.2
187.953;3116.13
184.469;3416.03
190.859;3559.39
184.469;3738.43
188.953;4142.46
191.375;2836.31
193.844;2962.36
199.562;3484.99
199.422;3167.03
184.938;3576.68
180.234;3708.1
196.828;3091.96
199.016;3479.48
190.312;2513.32
192.359;3278.35
189.969;2963.97
194.141;3593.01
193.75;3372.94
197.594;2653.43
178.484;4396.63
196.734;2869.57
181.031;3582.69
197.703;2647.94
188.938;2992.6
184.109;2853.51
177.953;3958.1
191.469;3111.05
185.562;5042.08
179.828;3773.32
192.219;3074.61
198.031;3255.82
195.281;3555.63
188.938;3657.32
196.766;2295.82
177.312;4458.88
188.734;3369.26
192.281;2942.48
182.688;3611.62
202.453;2295.77
198.375;3791.95
187.172;3172.84
187.953;2957.46
187.891;2926.57
190.938;3581.75
199.188;3765.42
195.734;3092.06
189.297;3458.72
198.891;3045.54
177.344;3726.7
203.312;3269.82
200.812;3073.96
189.641;3417.34
183.688;3637.73
194.797;3297.75
190.172;3713.32
182.094;3591.19
193.641;2855.84
193.328;3624.25
196.203;2868.87
180.734;3551.42
188.047;3749.31
188.953;3032.99
193.5;3327.38
196.359;2391.27
189.844;3290.66
186.625;4443.01
190.969;2351.41
207.281;2483.56
203.047;3337.34
185.719;3933.12
199.469;2745.98
185.391;3373.92
181.906;3558.72
191.344;3883
194.234;2993.6
183.719;4639.5
181.078;3371.46
186.562;3435.77
190.312;3480.21
184.281;4343.16
193.547;4497.54
188.766;2835.13
199.578;2459.47
181.984;4127.69
187.344;3841.34
193.969;3105.61
195.344;3437.68
194.328;3174.41
177.531;3409.05
195.109;3172.24
184.281;3806.08
186.266;3183.02
193.906;3115.31
191.781;3246.16
179.141;3845.87
195.75;4453.39
185.609;3700.3
197.812;3191.3
191.75;3413.04
191.734;2731.23
195.188;3352.33
188.344;4148.49
196.406;2809.43
193.984;2464.29
202.578;2890.32
198.641;2542.3
194.578;2971.97
188.609;2651.29
187.141;3667.73
193.547;3323.23
207.375;2761.46
182.172;3933.22
178.5;4013.32
183.844;3159.84
188.062;4264.69
196.203;2889.86
191.219;3193.6
192.312;3605.8
188.828;2980.71
189.969;3489.79
202.891;2813.49
195;3450.75
199.953;2996.53
195.516;3003.44
193.562;2467.89
185.203;2711.24
180.734;4061.17
198.656;2519.61
190.875;3439.53
192.375;3908.52
188.406;3018.6
188.062;3881.4
194.109;3174.38
184.234;3206.6
188.422;2624.57
189.078;3098.02
190.266;3755.34
195.375;3564.01
203.281;2434.65
188.547;3407.34
192.953;2624.83
187.703;3388.32
189.781;3920.85
190.172;4076.32
190.156;3660.01
188.562;3792.09
198.438;3013.78
197.516;3410.85
208.516;2284.3
187.484;4300.07
169.844;4068.58
185.25;3001.37
188.5;3193.42
192.75;2723.23
184.688;4825.22
189.328;4892.12
181.219;3719.92
186.828;4358.46
196.766;2934.16
185.828;3878.21
183.906;4181.55
199.406;3402.17
191.672;3371.5
194.328;2517.1
199.516;2431.03
177.094;3677.79
191.656;2375.43
195.734;2995.14
195.203;3409.1
192.578;2817.79
198.328;3070.86
187.984;3425.74
182.234;3652.62
178.047;3167.55
194.141;2980.72
189.281;3578.06
208.453;2318.51
196.391;3582.69
193.656;3466.72
186;3742.14
179.875;3320.34
188.781;3000.69
197.25;2607.98
177.328;4066.41
186.797;3255.31
181.188;3523.95
197.812;3234.73
194.922;3169.77
193.859;3644.66
197.812;3404.36
189.234;3380.6
203.266;3394.84
181.516;3459.63
197.344;3505.81
203.812;2868.12
186.062;3425.3
195.406;2428.61
182.469;3685.37
193.531;3170.91
179.25;3088.65
198.047;2816.37
205.5;2432.42
201.703;2335.84
192.078;3101.66
192;4329.74
189.359;3203.5
182.219;4021.28
187.531;4806.59
203.141;2708.32
192.828;2902.94
198.062;3177.5
196.141;3448.4
186.875;2838.72
204.703;2749.43
188.703;2919.09
178.859;3293
182.391;3891.97
193.641;2922.96
183.469;3148.3
200.859;4304.89
200.719;2906.41
190.453;2682.89
184.984;3949.93
189.391;3757.32
194.797;2991.71
192.016;3769.69
193.016;3758.87
187.484;3808.55
189.453;3738.67
193.75;3025.95
184.219;2896.84
192.188;3196.01
179.938;3674.06
194.359;3471.47
179.781;3405.75
200.234;3056.15
190.031;3060.64
188.75;3872.14
198.859;3641.17
185.406;3059.63
182.781;4581.37
203.812;2844.34
189.297;2707.33
191.125;2740.93
195.703;4127.43
180;3952.53
189.594;3355.11
185.078;3046.41
189.297;2823.27
189.078;3652.57
194.922;2889.07
197.422;3266.71
185.406;2627.37
195.453;3379.48
200.5;3105.93
199.562;2961.68
194.031;3424.95
181.234;4171.56
189.484;2925.39
182.359;3171.02
201.125;2702.06
193.938;4107.68
193.609;2580.81
191.484;3409.85
192.344;3305.5
186.031;3049.32
197.859;2963.13
182.109;3204.43
182.453;3932.67
196.016;3151.11
200.734;3265.01
198.109;3713.48
198.141;2639.7
191.828;3891.76
189.719;2498.74
187.484;2872.96
193.812;3237.38
183.547;3664.5
195.594;4104.19
173.172;4491
188.609;4110
192.594;3744.88
193.094;3222.1
190.062;2576.22
196.016;3069.13
191.031;3469.76
192.922;3506.39
195.094;3093.65
206.406;2338.81
172.578;3785.85
204.141;2521.07
189;2577.03
182.078;3593.14
189.531;3431.19
194.156;3657.84
196.891;3158.92
183.156;3748.88
195;3898.52
181.891;4523.63
186.781;3183.31
189.031;3062.34
183.547;3833.21
194.031;3047.1
188.312;2532.24
192.172;3048.59
191.828;2722.19
192.594;3655.14
192.031;3668.18
190.344;3577.22
196.047;2725.24
200.203;2805.49
197.203;2589.17
189.578;3379.85
186.016;3801.51
180.922;2960.16
193.359;2649.98
193.172;2567.99
185.016;3603.32
198.797;2664.28
189.266;3437.82
196.359;3001.02
195.562;2658.62
191.812;2602.29
182.016;3672.15
182.266;4075.6
190.484;3817.1
194.844;3132.56
207.719;1997.07
194.578;2919.09
198.719;3572.86
187.125;4043.71
186.188;3977.8
184.156;3945.11
189.156;3217.52
187.516;3988.28
188.875;3383.16
188.562;2966.24
192.656;2994.61
184.109;3323.06
188.859;2813.28
179.078;4413.93
187.781;3015.28
205.797;3074.06
191.188;4141.27
201.578;3296.78
191.734;3298.69
194.125;3106.85
190.344;2881.93
179.406;3516.66
188.625;3109.04
175.953;4511.14
192.688;4335.54
202.922;2623.91
188.266;3175.88
183.281;3083.38
195.344;2752.89
182.234;3529.12
190.469;2258.4
178.297;4011.33
200.844;2435.81
192.328;3021.33
190.094;2558.52
187.594;4335.94
197.359;3511.5
193.016;3542.71
187.266;2934.91
186.625;3170.09
187.016;3053.35
193.094;3253.16
188.297;3547.66
175.609;3596.46
181.656;3880.74
202.688;2805.4
198.344;2824.79
186.031;3380.61
195.156;3749.25
196.516;3245.77
185.234;4523.16
203.375;3000.92
202.078;2558.53
194.875;3692.28
199.344;2877.69
195.828;2511.06
201.125;2782.86
194.125;3607.11
201.203;2634.47
192.062;3943.94
193.594;3251.16
186.812;4125.22
186.906;3151.12
198.828;2625.31
184.219;3706.83
181.734;4348.85
167.344;4628.94
185.312;4431.19
186.906;3040.17
177.5;4440.19
193.781;2994.49
200.953;3254.78
195.344;2498.21
193.719;2654.68
196.609;3542.7
187.609;3397.21
190.234;3247.28
191.75;3163.83
190.609;2865.7
186.609;3313.44
185.891;3933.99
191.875;3835.54
198.547;3280.78
189.562;3796.14
207.281;2570.33
209.438;2462.83
196.375;3425.33
197.516;3077.42
187.672;3367.23
186.938;3948.02
195.094;3358.82
188.094;3655.05
191.953;2757.71
191.328;4241.93
183.797;3475.46
182.906;3350.84
175.297;3802.1
192.672;3254.35
173.781;3986.27
183.297;3663.26
192.859;3237.57
195.594;2876.27
197.641;3836.84
177.047;3750
192.828;2654.53
191.016;3192.47
206.406;2212.89
176.359;3058.34
196.656;3004.65
198.703;3159.21
192.656;3482.15
206.25;2441.24
185.906;2868.9
197.172;3050.54
188.5;3001.5
210.875;2147.75
186.188;4170.88
196.031;3167.98
196.266;3586.32
172.984;4942.18
200.547;2257.75
193.969;3917.9
207.547;2252.66
185.25;3089.25
187.203;3056.63
178.391;3592.89
188.047;3584.15
203.141;3454.6
192.594;3285.18
188.094;4779.57
192.406;2729.03
204.359;3126.66
200.844;3304.84
185.5;3967
185.859;3707.09
185.25;4363.92
198;3689.46
191.844;2896.38
196.266;3062.71
187.203;3799.38
184.422;3580.36
182.062;3270.83
194.578;3142.23
188.469;2916.16
183.5;3883.34
190.188;3413.41
193.203;3180.25
194.328;3285.72
185.766;4048.72
203.375;2077.01
192.781;3579.71
191.344;3340.38
195.672;2490.13
188.438;3214.6
189.578;2533.24
183.219;4090.32
190.25;4406.26
191.203;3687.15
185.828;3972.8
196.984;2812.54
196.969;2941.15
197.484;2820.27
189.906;2945.68
185.75;3023.93
190.828;3434.75
203.453;2543.66
191.234;3474.81
195.438;3024.77
209.125;2869.3
197.844;2435.3
196.719;3254
193.5;3890.89
183.562;4113.76
188.922;3534.83
174.812;3872.8
191.312;4023.31
191.328;3320.05
196.172;2995.54
186.688;3264.4
186.031;3889.62
201.312;3036.21
189.391;3056.59
199.484;2940.04
182.562;3764.19
200.875;3138.94
190.5;2657.54
192.766;3223.41
187.781;3799.12
186.344;4140.6
189.062;4247.34
203.359;2548.67
199.766;3405.27
171.453;4439.29
191.344;2635.71
186.672;3425.87
181.266;3187.88
186.062;3275.74
194.953;3089.44
181.656;3531.84
175.953;3298.52
184.844;3809.35
192.938;4246.91
197.438;2704.8
196.172;3739.71
188;3375.55
209.453;2293.61
189.156;3921.56
188.016;3434.48
176.766;3934.38
186.156;3384.27
194.703;2363.01
189.406;3102.58
189.891;3180.87
180.562;3894.68
199.922;2637.1
193.812;4181.73
192.859;3948.15
199.953;2984.84
197.594;3261.02
186.312;3699.19
193.953;3374.51
187.766;3468.19
192.281;2960.91
190.844;3291.16
185.547;3490.3
191.609;3154.98
190.109;3627.77
212.016;2108.23
200.859;2766.22
183.734;3870.17
189.453;3356.95
189.766;3311.91
199.016;3673.95
191.609;3407.19
190.953;3948.06
198.969;2853.37
194.297;2609.54
194.422;3109.26
187.844;3513.61
195.828;3864.68
197.312;3723.44
174.156;3137.24
184.953;3503.27
192.859;2531.41
192.484;3991.7
197.469;3224.06
200.609;2075
176.672;3799.99
198.047;3378.74
195.031;3183.31
174.438;3642.52
179.812;4459.15
205.203;2683.42
189.797;4474.66
200.531;3318.04
190.188;3310.31
198.75;2950
175.5;4396.44
198.922;2850.52
201.203;2994.11
199.797;3168.13
204.578;2099.3
188.266;3186.92
200.609;2534.95
202.438;3085.5
191.266;1981.21
197.953;2966.76
185.141;4152.52
185.516;3550.36
198.062;2903.34
183.391;3977.12
191.938;3527.12
189.359;2575.11
193.312;3118.68
185.391;3508.41
198.953;3139.48
195.141;2743
193.453;3924.46
176.797;5364.43
201.297;2895.93
199.062;2256.69
191.922;4325.58
187.141;3673.48
195.719;2965.31
203.438;2482.65
198.875;3257.33
200.531;3693.77
190.453;3066.25
201.656;2391.79
190.594;2571.67
204.328;2911.14
194.547;3012.65
186.797;3133.51
199.547;3021.36
187.062;4439.99
192.281;2985.92
184.25;3571.27
190.469;3049.92
193.688;3634.72
182.766;3818.92
189.125;3390.13
197.5;3390.67
188.391;3085.46
195.328;3455.77
194.312;3454.06
194.281;2722.24
189.828;3709.16
193.875;3297.08
196.422;3161.12
200.625;2922.29
193.516;3394.26
194.844;2870.96
191.828;2448.19
184.641;3825.63
184.031;4170.15
197.328;3276.8
198.562;2189.22
184.906;3685.28
191.922;3735.78
189.156;3770.42
192.453;3150.7
207.188;2622.48
191.141;3090.57
179.031;3102.1
181.703;4111.86
188.219;2654.81
179.391;3604.03
198.844;3411.09
198.172;2751.65
187.562;3221.26
184.156;3325.46
188.516;3346.21
199.609;2485.8
196.578;3297.77
188.438;4538.72
197.906;3019.24
188.609;3277.88
196.672;3120.83
182.078;3791.29
186.5;3538.94
185.812;3147.34
179.344;4003.43
192.641;3581.24
199.078;2793.52
179.141;3693.16
193.953;2915.11
188.703;3485.75
187.406;3600.24
180.828;3988.05
196.359;3323.76
185.719;3726.55
194.812;3429.75
197.641;3664.13
184.078;3794.87
193.516;3828.55
189.562;3710.07
186.109;3999.4
193.281;2121.18
198.031;3069.99
201.922;2296.23
194.375;3829.58
181.719;3408.14
201.328;3075.78
194.5;2976.03
193.609;3331.83
198.828;2313.92
179.328;4410.54
192.25;2864.74
190.422;4121.34
189.375;2629.21
201.328;2699.67
201.047;3093.28
185.594;3038.84
188.484;3273.25
190.797;3340.03
200.688;3442.76
194.188;3239.4
189.859;3893.61
190.234;2391.41
184.297;4271.5
187.188;2902.43
193.969;3134.16
192.562;3776.25
178.734;4456.33
184.328;3533.59
181;3418.72
190.766;2658.38
196.359;2631.76
182.047;4824.93
193.484;3442.74
182.078;4048.34
189.547;2773.84
197.578;3696.66
187.141;2628.36
184.203;4002.84
192.891;3929.06
193.188;3892.74
199.406;3052.38
192.547;3218.77
192.562;3416.58
200.578;2813.15
190.125;2995.34
198.375;2956.13
196.188;3273.65
190.438;3325.67
187.297;2812.4
187.297;3349.96
178.656;4773.05
182.797;3279.29
188.547;3123.99
191.734;3101.4
187.031;3723.51
196;2778.53
194.875;3342.15
183.422;3458.03
190.484;3783.3
180.438;3945.13
179.188;3567.16
203.578;2601.09
195.516;2588.97
196.922;3341.49
183.703;3519.35
204.984;2468.86
189.984;2775.39
168.578;3763.35
200.922;3188.79
186.422;2828.45
186.984;2810.18
189.328;4122.32
201.516;3648.8
186.781;3370.5
202.219;2418.34
190.281;3965.51
191.391;3796.27
193.672;3382.2
190.562;3769.4
196.031;2809.13
192.344;3495.74
191.078;2510.07
192.641;2825.31
202.688;2293.7
192.031;2973.65
209.938;2386.47
176.156;4779.73
183.953;3562.26
194.422;3108.6
206;3135.91
191.016;2793.06
192.797;4079.2
187.391;4057.28
208.844;2154.03
190.062;3053.36
191.781;3582.99
190.547;3207.25
202.547;2365.67
186.406;2809.16
180.984;2450.38
186.734;3471.22
187.875;3268.8
192.922;3061.77
194.312;3400.98
192.969;3881.03
188.969;3486.52
199.469;3458.8
175.359;3440.6
195.734;2883.86
202.891;3153.56
200.688;2655.13
193.062;2990.59
191.953;3124.88
186.328;3466.33
185.547;3191.46
188.516;3880.09
177.375;3991.95
185.75;3695.43
185.922;4287.68
184.734;3524.8
191.094;3461.75
189.625;4031.15
187.203;2986.75
188.281;3972.44
190.969;3774.67
201.484;2234.61
200.328;3286.07
202.391;3380.43
208.828;2351.04
187.938;3206.33
188.141;3294.35
191.484;2902.54
196.156;2604.68
202.391;2559.9
196.375;3510.65
185.547;3258.26
172.438;3283.97
184.172;3388.97
195.984;3366.92
201.641;2971.77
186.641;3154.67
195.703;2860.64
204.734;2928.62
191.781;2829.29
201.297;2420.52
203.438;2090.39
177.125;3283.01
190.891;3564.46
205.453;1796.48
184.047;4906.66
188.641;3000.5
187.125;2997.96
195.938;2984.31
186.359;3328.65
199.594;3237.37
197.359;3414.64
190.797;2229.44
193.312;2790.53
193.672;3649.44
194.234;2604.65
209.5;2802.42
203.484;2674.83
191.062;3723.63
181.625;2996.14
191.312;2913.49
183.734;3226.44
196.891;2792.8
193.531;2703.76
185.703;2586.53
194.953;4072.75
189.188;3442.26
188;2526.54
179.234;3353.68
187.672;4986.57
188.875;3090.63
192.578;3235.56
210.766;1803.41
189.547;3145.96
187.844;3151.88
196.25;3905.71
200.297;2987.13
198.766;3303.82
176.266;5035.27
193.25;2751.7
193.297;3052.56
177.609;4137.49
189.641;3280.99
190.438;2933.69
192.125;3280.61
186.625;3469.2
196.234;3143.6
199.641;3573.21
182.406;4093.09
190.703;4230.2
191.641;3020.55
191.781;2642.69
208.812;3270.42
178.781;4163.13
189.25;3445.89
186.125;3302.93
189.406;2454.42
194.469;3002.07
191.812;2838.63
194.891;3232.24
186.375;3493.99
207.766;2582.69
200.859;3010.39
199.953;2743.73
195.453;3375.74
181.781;3701.28
194.812;2865.86
195.734;3297.02
193.188;3386.08
191.984;3558.75
187.469;4056.52
185.859;2944.96
191.438;3586.93
195.547;3064.96
195.5;3391.48
182.969;3910.31
201.141;3320.22
186.547;4317.62
196.094;2569.83
199.109;2168.16
188.531;3736.45
197.266;2575.73
204.625;2409.82
179.328;3597.59
174.109;4741.93
186.703;4041
191.375;3555.17
193.234;3250.33
189.719;2512.27
203.484;2585.75
190.719;4307.95
185.75;5024.44
192.094;2894.95
182.578;3954.77
206.109;2177.22
190.25;4601.1
197.562;3826.9
188.422;3189.09
193.109;3190.05
194.375;2908.78
198.672;3483.28
194.078;3250.6
179;4419.91
186.703;2663.39
190.438;4148.88
192.641;3755.9
205.344;2247.75
184.344;4819.72
191.703;3665.41
189.688;3329.1
195.625;2683.33
192.562;2879.38
203.812;3214.68
198.094;2730.26
182.438;3728.03
186.484;4087.71
187.734;3799.84
188.062;3604.82
185.844;3784.53
187.844;3064.56
196.328;3417.15
193.875;3212.95
192.047;3160.98
182.625;3168.51
184.297;2355.78
185.906;3071.23
195.062;3197.41
192.672;3324.94
186.5;4256.36
198.281;2854.66
193.766;3770.38
191.906;2833.77
193.344;2825.59
198.469;3568.47
190.312;3498.42
199.266;3524.49
201.953;3231.55
182.391;4469
196.844;3463.13
192.047;3318.67
192.656;2900.91
194.781;2795.39
186.203;2766.44
180.922;3269.19
193.453;3163.6
184.5;2910.22
200.547;3287.87
198.062;2703.23
195.938;2825.83
195.391;3253.76
196.156;3504.03
188.453;4484.66
195;2501.34
187.375;4122.07
196.312;2764.28
194.391;3343.39
194.875;3525.4
199.188;3314.62
191.641;3634.15
190.109;4063.85
191.047;3683.19
184.891;3763.23
189.719;3265.97
183.734;3417.25
193.094;3274.77
200.641;2968.56
191.109;3355.82
186.781;3897.95
190.984;3426.43
191.625;3529.61
189.828;3261.88
184.062;4363.87
193;2591.97
192.906;3634.82
180.266;4016.08
195.906;2879.99
197.344;3194.39
191.156;3848.39
202.562;3058.29
190.391;3365.42
195.984;3202.9
194.672;3347.51
202.219;2166.39
183.516;3765.21
187.141;3999.6
190.531;3300.66
188.797;3024.46
180.312;3624.23
186.062;2911.08
200.016;3135.24
199.469;2812.84
194.078;3916.15
186.297;3357.74
178.453;4014.41
195.656;3180.05
191.906;3795.64
182.953;3196.9
191.688;4001.38
202.125;2736.39
192.969;3647.97
198.344;3226.26
184.312;4289.94
193.156;3347.18
189.781;2961.91
204.156;2686.48
186.953;3446.75
194.172;2956.25
194.688;2924.92
198.797;3183.64
185.047;4189.66
186.547;4594.31
210.156;2175.25
187.219;3718.07
178;3955.49
190.812;3699.86
201.625;2890.11
182.484;3604.06
199.312;3179.93
191.297;2660.21
196.672;3194.1
190.531;3979.43
185.922;3323.91
198.625;3247.82
176.75;4311.87
186.969;3668.12
185.016;2969.64
182.734;3907.27
191.859;3578.21
196.125;3485.38
196.484;3090.24
187.281;2979.7
188.25;3081.58
202.688;2522.72
204.031;2329.92
184.672;4239.87
185.703;2849.07
187.484;4138.33
198.594;2488.95
193.656;3676.97
194.141;3174.3
198.672;2911.91
185.781;3578.55
187.922;3702.53
198.031;3206.36
190.531;3880.39
190.969;2939.97
177.891;3249.91
201.172;2610.52
175.266;3403.95
205.109;3414.89
181.875;3268.32
187.906;3861.42
195.766;3454.65
203.969;2602.3
197.625;3431.51
198.656;2394.76
185.406;2784.57
193.984;2503.64
204.172;2357.09
199.656;2483.8
191;3272.16
192.172;3450.15
186.031;3816.48
192.406;4516.51
173.031;4009.98
193.109;3382.29
174;3632.99
185.188;3846.9
202.125;2785.4
187.969;4275.61
183.359;3484.7
199.625;3017.68
205.797;2790.48
189.172;3343.58
199.047;2986.01
183.141;3090.76
195.719;2802.5
176.812;3936.23
191.828;2464.56
188.062;4390.16
198.938;3329.08
186.562;3686.36
185.859;2844.45
183.953;3261.39
186.562;4299.57
196.281;3658.77
201.859;2346.55
191.719;2884.94
192.266;2510.5
195.547;3217.66
196.062;3715.29
196.891;3469.55
197.344;3073.49
183.406;3394.74
183.984;2734.79
195.484;3254.49
195.969;2535.59
187.953;2862.2
188.766;2827.74
196.141;3292.53
202.547;2981.75
203.453;3029.77
194.891;3123.87
200.312;2839.52
190.125;3755.56
190.531;4525.33
198.484;3006.53
193.391;2984.12
185.203;2822.74
197.203;3666.46
190.391;2307.23
183.859;4149.67
172.781;3428.07
189.438;4377.33
199.5;3158.66
190.234;2792.22
188.938;2947.87
180.719;4270.74
194.688;3345.44
200.672;3164.37
199.609;3847.52
200.062;3131
195.312;2928.33
191.344;4238.23
190.031;3504.54
191.562;3696.2
186.562;3611.55
188.672;2627.04
190.578;3636.17
186.625;3252.37
196.312;3334.76
199.625;3176.85
177.109;3605.13
190.672;4035.73
202.641;2370.83
190.719;3060.95
194.797;3388.69
197.734;3489.48
183.922;3246.16
200.734;2981.34
176.797;4594.85
201.609;2182.7
189.516;3460.68
197.141;3255.37
187.828;3199.18
187.141;3278.49
199.469;2815.37
184.109;3415.26
194.469;2741.61
187.125;4086.01
180.641;3614.33
191.641;3933.6
202.062;2231.07
184.969;3297.03
202.172;2707.97
188.531;3713.71
193.953;3740.71
193.344;3252.18
190.938;3433.62
177.859;3595.1
185.406;4371.75
189.344;3519.65
182.453;3843.42
191.531;4261.58
182.219;3364.48
194.641;3643
185.781;3562.86
190.109;3474.14
199.328;3049.46
194.938;2978.5
195.797;3304.11
198.641;2738.9
198.969;3066.71
198.188;2701.44
188.812;3672.59
189.609;3798.66
193.969;3579.82
198.125;2921.41
180.297;3599.16
196.438;2811.09
188.281;3717.08
205.531;2688.02
179.719;3599.16
188.562;3065.44
190.438;2808.3
189.656;3667.69
175.094;3495.99
190.844;3104.55
194.906;2697.84
178.188;4039.04
202.5;2658.46
194.766;3751.14
186.109;3533.74
200.859;3655.42
185.219;2977.31
194.203;2364.22
189.719;4591.92
200.625;3502.74
196.984;3316.19
193.656;2740.45
196.406;2857.68
196.797;3345.78
180.578;3589.26
205.594;2092.65
194.938;3317.56
180;3733.77
197.609;3476.05
191.109;2987.15
194.703;3248.77
203.797;3449.29
176.922;2972.51
186.703;2821.55
186.016;3394.01
200.234;2935.77
180.125;3444.01
184.391;3825.61
193.328;3565.52
193.375;3449.5
174.25;3618.34
199.969;2659.21
188.781;2811.56
185.859;3618.18
193.406;3472.22
180.578;3930.6
204.594;2594.73
191.75;3035.15
186.438;3362.17
202.203;2660.33
185.797;3469.06
190.203;3252.24
194.578;3556.54
199.109;3200.33
187.812;3162.83
189.641;3464.09
183.172;3037.77
186.672;3487.74
193.422;3551.48
196.656;2095.81
208.359;2174.55
183.172;4441.17
191.125;3497.05
200.719;2717.43
184.031;3351.16
207.141;2105.22
197.516;3432.24
189.859;3120.98
194.531;3311.25
188.141;3337.03
196.109;2903.8
190.094;3741.45
195.422;3430.24
182.328;3459.91
182.234;4022.72
199.734;2593.32
192.75;3680.02
197.062;3279.39
178.875;2977.34
204.562;2535.45
184.688;3536.69
175.328;4607.19
195.031;2571.64
193.828;2242.11
197.938;2346.06
193.281;3308.24
203.438;2601.46
197.891;2772.5
190.5;3875.88
185.562;3811.26
182.344;3642.53
187.969;3924.01
186.172;3312.49
191.969;2994.71
190.312;3976.39
198.719;3358.15
183.844;3386.9
188.25;4180.08
193.203;2894.61
178.672;4055.5
193.016;3397.69
196.297;3105.79
199.812;3003.2
188.594;3420.74
190.094;3523.24
184.422;3832.36
196.969;3454.42
186.969;3337.28
193.906;3521.85
198.984;2584.24
192.359;3639.35
194.297;2680.33
189.719;3719.35
200.844;3229.9
196.422;2702.37
198.875;3393.1
189.156;3313.52
186.219;4309.78
193.609;3111.64
200.203;2566.79
184.609;4099.59
184.516;3191.68
198.406;2645.6
194.5;3488.06
195.391;3585.07
180.125;3303.81
195.484;3917.74
201;2391.17
202.297;2771.02
190.234;2851.69
196.156;2740.29
190.188;3531.97
198.531;3366.47
192.281;2989.93
190.891;2788.8
180.531;3437.85
189.188;3157.14
192.031;3743.16
189.828;2901.53
199.359;2569.59
193.453;4011.96
203.203;3509.66
199.156;2452.73
196.562;2924.93
198.047;3042.41
190.297;3921.84
184.25;2718.03
191.031;3423.24
185.438;3840.3
184.406;3756.63
184.469;4238.1
189.641;3933.19
204.094;2432.58
187.281;4242.82
184.844;3947.61
187.125;3117.85
192.062;3994.25
190.859;2734.86
183.609;2422
188.75;3499.78
195.094;3295.42
198.875;2754.96
192.703;3548.07
189.859;3824.12
187.516;2980.19
192.875;3222.05
181;3988.06
186.828;2850.15
196.078;3806.39
183.234;3460.54
195.453;2693.31
199.75;3323.35
202.641;2746.7
190.781;3225.58
187.75;3382.98
193.234;3241.69
194.141;3071.67
191.688;3085.36
191.109;3422.12
193.641;2491.03
190.734;4634.4
189.5;3728.2
191.344;4125.38
186.438;3632.88
182.703;3352.77
200.016;3097.9
181.422;3674.56
193.547;3060.61
189.469;3142.04
200.672;2713.62
192.094;2585.54
194.078;3894.67
209.312;2644.77
189.297;3643.72
193.672;3087.11
196;3304.05
187.312;4006.41
183.172;3580.25
177.062;4492.83
183.734;3567.2
202.547;3076.56
195.438;2966.39
194.5;4081.97
187.172;4284.59
196.75;3354.83
207.891;1832.24
187.141;3432.76
191.359;3481.01
197.625;4090.25
187.547;3525.59
182.391;2557.7
199.625;3486.77
181.219;4141.14
184.891;3715.48
195.797;2187.46
195.734;3404.09
199.734;3215.25
192.75;3512.24
184.078;3517.54
194.797;3074.82
197.297;2880
181.375;4314.43
187.453;3940.8
199.797;3043.86
191.594;2607.48
201.906;2738.46
185.922;3372.68
189.734;3936.84
188.453;3082.23
193.531;3665.37
189.469;4092.02
188.5;3801.78
190.531;2724.95
194.516;3374.17
184.516;3359.4
186.406;3561.28
176.297;3807.53
193.828;3782.68
191.234;3640.67
191.594;3286.41
182.156;2959.57
174.172;4368.61
191.984;2787.55
184.734;3967.3
202.891;2345.87
197.969;2981.65
210.172;2445.63
201.406;2628.87
185.656;3832.69
178.906;3470.7
190.062;3485.85
193.906;2878.02
193.406;3435.96
193.422;3312.72
168.266;3524.46
190.781;3963.64
204.297;2881.16
185.609;3361.72
191.203;3021.72
196.25;3396.85
191.562;3309.12
201.828;2344.35
189.078;2911.63
186.141;2958.97
190.625;2952.29
205;3118.54
196.828;2590.28
182.109;4604.33
202.875;2285.16
188.047;3597.91
195.5;2650
179.266;3846.17
190.406;3042.25
190.625;3177.16
197.094;2945.66
191.156;3177.3
190.359;3947.02
188.953;2973.2
180.594;4226.74
187.562;3117.06
206.703;3641.78
207.016;1991.03
200.125;3379.71
189.312;4185.83
185.328;3932.95
191.297;3508.58
195.359;3166.81
182.969;3692.23
197.734;3747.03
205.953;2071.84
187.859;3564.72
208.344;2885.57
193.625;4170.23
184.938;3625.11
195.641;3310.89
191.297;2979.15
202.328;2772.12
187.5;2935.65
186.594;3298.4
197.859;3106.16
184.609;3330.12
200.781;2944.68
197.188;2784.01
184.609;3489.26
191.953;3285.27
194.391;2991.66
200.344;3092.8
195.703;2814.07
194.172;3715.86
198.328;2818.89
186.609;3487.62
200.078;3946.35
183.625;3776.4
201.344;2577.31
169.141;4486.43
192.078;2598.37
184.156;2599.79
185.234;3522.15
194.969;2394.45
194.828;3674.37
190.875;2821.26
190.844;3514.57
198.781;2675.36
187.469;3194.27
185.141;3530.79
192.141;2823.44
192.469;3751.23
182.828;3843.91
184.516;4266.16
192.922;2430.65
198.797;2956.75
192.656;2672.91
203.344;2554.94
187.781;3807.93
186.891;2741.88
178.516;4836.41
190.672;3864.74
194.625;3317.39
200.078;2918.13
191.531;2620.41
202.625;3091.48
198.969;2803.26
188.656;3448.66
191.531;3962.87
188.875;3534.19
189.922;2704.39
200.156;2612.68
192;3994.96
195.672;2358.52
203.125;2676.79
190.469;3184.61
192.078;3031.99
197.281;3023.51
206.344;2844.25
190.844;3271.28
197.047;2698.73
198.594;3090.1
195.188;2903.14
194.922;2720.88
187.297;2970.67
194.688;2642.1
172.078;4326.65
188.406;3843.49
173.297;3835.12
187.016;3346.6
190.219;2945.48
185.359;2976.89
187.75;3756.78
192.141;2583.82
190.984;3464.97
205.141;2464.71
202.438;3040.42
190.594;3518.79
189.859;2911.75
190.719;3223.44
197.938;2676.21
187.859;3776.03
188.281;3393.35
191.781;3457.15
203.984;2683.18
195.766;3233.69
200.031;4061.33
184.438;4348.94
194.094;2453.5
188.484;3095.74
186.406;3553.51
182.266;3692.92
192.734;3222.82
200.906;2525.72
181.922;4784.58
195.312;2827.4
181.062;3917.95
180.75;2745.55
191.719;3971.5
207.453;2881.39
192.016;3337.12
190.594;3048.07
181.234;3227.2
207.75;2126.81
186.797;2564.75
189.125;3495.2
195.234;2735.44
186.906;3301.51
191.75;3459.74
185.859;4479.01
170.031;3354.08
189.703;3288.59
173.859;4117.85
185.516;2737.93
193.594;3125.77
194.672;3218.73
184.422;3472.51
180.328;3849.79
185.969;2464.06
187.469;3348.98
189.719;3880.32
181.453;3876.83
187.797;3580.81
186.375;4362.03
198.297;2821.32
193.406;3630.65
172.719;3039.17
186.016;4613.46
187.891;3563.36
194.562;3263.26
180.531;4223.83
200.203;2588.35
187.797;3170.68
171.953;3706.25
196.016;3919.92
190.094;3680.97
181.766;4041.15
206.219;2348.67
185.172;4172.09
188.5;3861.65
201.828;2565.09
204.625;1589.21
188.719;2713.91
174.844;3687.5
172.547;3868.82
200.266;3104.85
195.75;2989.35
190.594;3208.11
187.203;3249.12
182.406;3167.85
199.531;2830.82
196.391;2855.59
193.703;3120.43
179.266;2928.36
202.297;2427.93
187.156;3257.91
189.109;3007.21
197.922;2241.39
195.75;4207.36
196.578;2506.24
187.969;3931.53
198.062;3766.53
203.172;3511.93
180.781;4130.78
186.109;3636.78
191.766;3322.61
193.016;3619.96
193.922;3438.9
193.25;2901.86
185.188;4630.37
198.969;2538.04
197.156;3880.07
185.5;3318.32
178.875;3748.21
183.031;3367.27
190.453;3446.18
185.609;3065.2
192.25;3417.13
201.031;3045.29
184.781;3020.51
199.719;3040.56
192.359;4177.89
177.125;3573.79
187.844;3089.4
183.219;4034.26
188.953;3887.03
181.547;2720.68
188.422;3926.86
190.766;3546.93
186.516;3232.49
181.562;4207.88
189.922;3449.4
183.109;3975.52
165.766;4125.76
193.656;3576.42
190.891;3111.92
205;2515.17
192.328;4660.56
201.766;2448.64
178.531;4688.64
191.531;2946.04
187.641;4851.31
197.562;2595.76
183.109;3967.24
189.094;3926.65
189.953;2756.94
202.203;2577.39
187.688;3476.24
191.938;3603.49
197.078;2816.19
202.266;3159.66
196.516;3138.03
182.359;3268.77
196.188;2925.44
199.797;2922.47
201.875;2571.71
186.609;3668.75
190.766;3779.11
200;3590.02
181.781;3305.7
193.297;3091.19
191.391;3253.5
192.578;3285.54
166.656;4363.14
183.312;3073.47
184.594;3036.2
197.828;2838.43
180.828;3658.56
209.906;2366.16
188.406;3548.82
186.984;3617.74
201.734;2586.26
188;3991.34
192.359;3304.29
196.766;3113.01
196.219;3397.55
190.891;2693.84
206.406;2597.07
190.016;2888.64
179.469;3914.58
190.812;3246.29
192.656;3385.22
189.75;3224.88
187.922;3661.48
194.406;3244.71
193.234;4290.7
195.266;3222.53
186.406;2706.32
206.25;2636.96
185.703;4003.12
198.266;3030.98
186.578;2970.74
183.891;2570.65
196.812;2678.67
203.344;2767.35
189.266;3296.85
188.953;2990.85
192.828;2851.68
189.625;3379.53
190.578;3196.02
204.984;2642.65
190.344;2809
195.094;2949.91
195.406;3125.01
185.672;3383.8
202.188;3497.68
193.234;3083.95
203.078;3221.28
186.172;3946.8
188.078;4431.83
183.969;3401.23
190.25;2397.23
195.531;3092.84
193.828;3399.46
185.406;4032.24
190.922;2791.28
193.719;3973.91
193.328;4680.13
198.125;3285.19
199.672;2709.13
189.391;3075.66
189.953;3456.36
175.891;4775.66
188.516;3444.47
196.297;2639.11
179.812;3833.09
185.328;3540.78
189.359;2808.25
183.922;3374.01
191.438;2989.74
187.953;3881.37
195.422;3530.3
177.469;4498.58
183.891;3229.06
190.422;3939.95
189.75;3815.27
204.047;2881.18
192.922;3000.85
194.516;3146.74
192.281;2760.25
203.328;3059.53
188.672;2641.9
192.344;3040.16
184.844;3548.87
190.578;3689.4
192.203;2570.12
200.031;2967.11
188.406;3168.77
196.625;3396.19
186.391;3642.05
192.062;2828.16
203.328;2707.5
200.891;3294.73
197.359;2427.96
193.016;2827.57
196.984;2932.93
186.812;3188.46
188.031;3422.51
192.859;3184.54
203.469;3258.36
197.922;2651.32
198.656;3092.63
187.516;3983.12
204.172;2236.23
205.25;2438.19
167.109;3024.93
189.953;3455.87
190.469;3890.66
198.844;2736.33
198.125;3096.05
185.219;3838.56
190.016;3384.85
209.094;2505.15
195.281;2895.59
191.891;2997.27
194.078;3202.63
184.344;3372.68
181.406;3343.4
186.75;3257.67
187.375;2854.26
191.953;3375.7
195.078;3418.99
200.875;2949.84
178.984;3402.24
188.781;3672.15
188.438;3353.84
195.531;3140.57
183.125;3598.28
202.516;2536.7
182.562;3004.58
191.219;3032.44
187.344;4019.28
195.25;2972.46
199.312;3415.62
189.859;2924.53
186.188;4062.45
178.078;4026.24
188.797;3328.33
196.609;3231.49
198.438;2489.51
191.406;3438.81
201.531;3153.03
183.984;3424.79
194.906;3823.91
199.594;2501.29
194.016;3979.59
182.844;3583.87
196.797;4031.53
192.5;2739.96
188.984;3383
186.328;3782.08
187.062;2936.44
182.406;2870.13
186.156;3749.47
197.297;2218.55
193.219;2736.15
202.516;3059.49
186.156;3379.36
183.344;4690.73
184.469;4663.82
180.484;3683.08
186.812;2924.62
196.516;2995.41
195.5;2750.02
197.406;2611.32
185.219;4041.69
186.266;3787.21
188.953;3180.41
197.094;2802.95
187.906;3892.23
195.5;3554.07
200.172;3473.03
185.531;4250.02
196.125;3541.7
193.406;3133.48
176.078;3860.99
197.922;2997.99
206.938;3090.12
195.016;2840.05
198.547;2838
190.391;3559.64
186.531;3321.14
190.328;2985.32
193.719;3461.34
194.719;3539.05
189.578;3183.6
192.016;3391.76
186.766;3556.59
191.234;2752.67
196.938;4090.93
189.531;4386.11
199.891;3085.18
184.594;3941.03
188.688;2832.77
191.578;2875.53
187.672;4508.47
187.25;4132.96
192.5;3737.86
199.406;3387.83
190.969;4001.65
191.516;3021.42
189.969;4694.09
179.516;3414.19
196.141;2410.6
188.906;3821.24
208.453;2435.32
199.344;3007.84
185.312;3071.52
199.016;3046.36
205.109;2895.66
188.188;3490.31
191.078;3105.79
200.734;2226.8
201.969;2530.93
205.734;2133.23
184.922;4519.11
187.094;3244.2
193.766;2496.31
177.219;4022.43
201.781;3599.23
188.531;3891.29
196.547;3777.29
196.438;2779.25
189.562;3346.37
190.656;3377.38
192.062;3206.49
201.828;3528.41
179.828;3885.58
193.047;3184.17
188.484;3566.13
201.125;2909.13
184.109;4198.69
187.297;3000.06
202.141;2648.54
183.453;3460.23
189.812;4562.89
195.484;2901.03
190.469;2982.08
182.734;2945.82
174.266;3050.89
202.562;3324.36
196.578;3382.63
187.734;4353.26
180.672;4569.51
193.906;3803.03
183.891;3541.26
192.469;3451.48
191.219;3073.09
199.891;3347.86
185.281;3809
179.391;3374.29
198.734;3373.06
193.672;2771.67
204.359;3634.39
183.906;3756.03
190.031;4304.92
196.453;3465.25
207.281;2491.81
181.109;3288.16
193.531;3479.37
180.969;4792.85
182.891;3367.06
188.969;3657.67
183.344;3474.54
174.094;3774.09
192.484;2731.02
193.078;2291.3
188.578;4218.27
191.547;3074.51
187.234;3539.87
188.938;3812.53
187.578;2714.32
192.094;3809.27
179.312;4034.27
178.531;2811.94
180.609;3372.72
192.125;3197.55
183.766;4087.41
189.047;3853.69
197.344;3432.54
193.969;2798.61
200.828;3171.39
190.781;3397.72
191.75;3737.55
185.734;3600.1
188.438;3173.01
187.547;4540.14
189.516;3368.8
186.766;3530.96
207.766;3024.55
178.641;4079.39
192.438;3151.67
182.766;3575.32
202.234;3583.92
203;2411.21
204.172;2491.34
207.406;2937.89
200.469;2451.87
200.375;2462.24
201.953;3828.37
193.484;2929.85
179.422;3664.88
193.141;3641.03
199.562;2987.25
194.656;2861.23
196.953;3251.33
195.516;3590.59
185.703;3556.41
188.406;4270.12
184.312;3566.03
207.453;2666.06
182.297;3557.61
189.828;3017.57
187.062;3113.51
200.266;3415.17
179.219;3316.29
186.547;3259.97
198.812;3113.07
189.312;3255.06
191.5;3458.87
199.438;3129.91
198.125;2541.95
191.422;3191.68
195.719;3325.06
184.109;4267.39
192.25;2981.26
185.266;3846.06
206.609;3151.73
196.422;3068.81
199.203;3139.1
196.562;3262.24
204.922;3788.2
184.688;3635.21
194.531;3819.7
198.562;3199.71
198.062;3400.4
196.25;2856.26
185.312;3262.73
184.484;3190.04
202.688;2850.09
185.812;3685.24
189.047;2766.95
187.047;3521.43
196.531;2625.35
201.031;2471.13
179.703;4150.42
182.812;4444.89
203.406;2302.61
188.938;3381.85
197.172;3012.68
188.672;3175.66
188.469;3419.04
194.297;3634.45
178.453;3710
203.484;2408.83
196.109;3907.57
193.562;3406.43
190.859;3121.53
189.969;2865.23
196.641;3168.44
192.891;2903.82
210.328;1902.19
188.422;3372.79
190.844;2985.58
195.75;3142.37
195.922;2766.62
186.281;3217.64
197.641;3521.59
198.844;3072.35
185.609;3429.77
183.422;4193.04
189.844;3130.21
190.969;3657.72
197.844;3157.08
178.406;3755.18
192.781;3203.81
187.562;3568.98
186.516;3728.94
195.016;2271.21
184.531;4318.02
188.703;3368.66
208.672;2443.31
183.828;2787.75
192.875;4183.25
184.578;3492.65
184.391;4362.16
194.391;2838.5
194.812;3019.21
191.625;3341.15
193.719;2942.38
202.594;2486.51
187.203;3181.76
196.5;3812.19
185.516;4150.89
198.875;3200.06
191.406;3841.64
195.531;2797.49
197.672;3923.71
179.891;3313.14
189.547;3766.02
188.391;2983.92
193.547;2721.65
191.484;2591.64
187.031;4235.83
193.094;2957.83
188.875;3512.43
188.859;4361.37
183.938;3301.67
200.562;3604.88
193.016;3701.08
187.141;3723.16
179.297;3826.01
188.234;4385.07
180.141;2963.57
186.359;5382.45
190.422;2446.22
192.688;2612.92
192.5;3412.94
192.125;3741.24
194.938;3127.98
183.141;4371.52
198.094;2613.44
192.812;3563.38
197.828;2980.17
191.969;3802.19
197.469;3797.53
199.734;2842.1
181.5;3595.53
190.188;3252.66
181.844;4135.35
196;3836.88
197.047;3179.74
204.453;2610.28
190.438;3608.06
182.172;3318.21
183.188;3449.97
184.422;3530.85
190.594;3640
194.188;2848.47
185.938;3101.24
188.578;3315.12
190.094;3811.66
192.469;3250.57
188.047;3509.29
195.188;3450.11
198.375;2657.92
185.094;3558.69
185.281;4031.55
179.859;3149.32
177.312;3609.45
189.203;3515.46
196.031;2731.86
188.062;3236.72
195.969;2841.85
178.734;4246.55
197.25;2885.31
198.953;3158.76
198.109;3467.19
195.078;2838.44
191.609;3008.03
188.062;2959.46
176.5;5110.63
191.953;3009.86
192.484;2982.92
188.219;2869.74
193.312;3284.47
192.562;3719.65
196.547;3392.6
194.016;2649.96
204.625;3160.59
187.531;3044.14
186.344;3476.07
188.266;3709.02
190.844;2514.09
195.797;3744.67
184.281;4542.53
199.469;2801.47
187.938;2939.57
184.641;3529.15
207.109;1842.09
198.672;3473.59
183.953;3025.98
183.547;3544
185.719;4085.79
207.828;2512.68
185.797;3613.1
194.203;3695.32
